/	200	https://kindaiestimator.com/	text/html; charset=utf-8	370136
/pricing	200	https://kindaiestimator.com/pricing	text/html; charset=utf-8	370136
/demo	200	https://kindaiestimator.com/demo	text/html; charset=utf-8	370136
/help	200	https://kindaiestimator.com/help	text/html; charset=utf-8	370136
/cabinet-makers	200	https://kindaiestimator.com/cabinet-makers	text/html; charset=utf-8	370136
/electricians	200	https://kindaiestimator.com/electricians	text/html; charset=utf-8	370136
/about	200	https://kindaiestimator.com/about	text/html; charset=utf-8	370136
/evaluation	200	https://kindaiestimator.com/evaluation	text/html; charset=utf-8	370136
/robots.txt	200	https://kindaiestimator.com/robots.txt	text/plain; charset=utf-8	541
/sitemap.xml	200	https://kindaiestimator.com/sitemap.xml	text/xml; charset=utf-8	1599
/llms.txt	404	https://kindaiestimator.com/llms.txt		0
/pricing.md	404	https://kindaiestimator.com/pricing.md		0
